Name,Price,Producer,Width,Depth,Height,Motherboard,Power Supply,Primary Color(s),Window,Dust Filter,Cable Management,Noise Isolation
Corsair 4000D Airflow Tempered Glass Midi-Tower - black Window,$100.19,Corsair,230 mm,453 mm,466 mm,E-ATX,ATX,black,TRUE,TRUE,TRUE,FALSE
"PHANTEKS Eclipse P400S Midi-Tower, Tempered Glass, black - isolated",$100.81,PHANTEKS,210 mm,470 mm,465 mm,E-ATX,ATX,black,TRUE,TRUE,TRUE,TRUE
Carbide Series 330R Titanium Edition Silent Mid-Tower,$101.07,Corsair,210 mm,484 mm,495 mm,ATX,ATX,,FALSE,FALSE,FALSE,TRUE
Fractal Design Meshify C Tempered Glass Midi-Tower - black,$101.55,Fractal Design,217 mm,395 mm,440 mm,ATX,ATX,black,TRUE,TRUE,TRUE,FALSE
"BitFenix Enso Mesh RGB Midi-Tower, Tempered Glass - white",$105.9,BitFenix,210 mm,454 mm,489 mm,E-ATX,ATX,white,TRUE,TRUE,TRUE,FALSE
"PHANTEKS Eclipse P400S Midi-Tower, Tempered Glass, anthrazit - isolated",$106.31,PHANTEKS,210 mm,470 mm,465 mm,E-ATX,ATX,anthracite,TRUE,TRUE,TRUE,TRUE
NZXT H500i Midi-Tower - black/red Window,$107.34,NZXT,210 mm,428 mm,460 mm,ATX,ATX,black,TRUE,TRUE,TRUE,FALSE
"PHANTEKS Eclipse P400A Midi-Tower, Tempered Glass, DRGB - black",$107.54,PHANTEKS,210 mm,470 mm,465 mm,E-ATX,ATX,black,TRUE,TRUE,TRUE,FALSE
Carbide Series 330R Quiet Mid-Tower,$109.95,Corsair,210 mm,484 mm,495 mm,ATX,ATX,,FALSE,FALSE,FALSE,TRUE
Carbide Series SPEC-ALPHA Mid-Tower Gaming — Black/Silver,$110.69,Corsair,220 mm,474 mm,518 mm,ATX,ATX,black/silver,FALSE,FALSE,FALSE,FALSE
"Silverstone SST-RL06WS-GP Redline Midi-Tower, TG - white/silver",$111.34,Silverstone,200 mm,455 mm,477 mm,ATX,ATX,"black, silver, white",TRUE,TRUE,TRUE,FALSE
Thermaltake Commander C31 TG ARGB Tempered Glass Midi-Tower - black,$111.7,Thermaltake,233 mm,507 mm,462 mm,ATX,ATX,black,TRUE,TRUE,TRUE,FALSE
"BitFenix Enso Mesh RGB Midi-Tower, Tempered Glass - black",$111.94,BitFenix,210 mm,454 mm,489 mm,E-ATX,ATX,black,TRUE,TRUE,TRUE,FALSE
"Lian Li O11 Dynamic Mini, Midi-Tower, Tempered Glass - white",$114.85,Lian Li,269.5 mm,420 mm,380 mm,ATX,"SFX-L, SFX",white,TRUE,TRUE,TRUE,FALSE
"PHANTEKS Eclipse P400 Midi-Tower, Tempered Glass - black/red",$114.95,PHANTEKS,210 mm,470 mm,465 mm,E-ATX,ATX,black,TRUE,TRUE,TRUE,FALSE
Cooler Master Silencio S600 Steel Silent Midi-Tower - black,$115.32,Cooler Master,209 mm,478 mm,470.5 mm,ATX,ATX,black,FALSE,TRUE,TRUE,TRUE
Crystal Series 460X RGB Compact ATX Mid-Tower — White,$116.05,Corsair,220 mm,464 mm,440 mm,ATX,ATX,white,FALSE,FALSE,FALSE,FALSE
Corsair iCUE 4000X RGB Tempered Glass Midi-Tower - black Window,$116.05,Corsair,230 mm,453 mm,466 mm,E-ATX,ATX,black,TRUE,TRUE,TRUE,FALSE
NZXT H500 Midi-Tower - black/blue Window,$116.18,NZXT,210 mm,428 mm,460 mm,ATX,ATX,black,TRUE,TRUE,TRUE,FALSE
Antec P101 Silent Midi-Tower - black,$116.81,Antec,232 mm,506 mm,527 mm,E-ATX,ATX,black,FALSE,TRUE,TRUE,TRUE
"Lian Li LANCOOL II Mesh RGB Midi-Tower, Tempered Glass - white",$116.95,Lian Li,229 mm,478 mm,494 mm,E-ATX,ATX,white,TRUE,TRUE,TRUE,FALSE
Thermaltake Core P3 TG Showcase - black,$119.68,Thermaltake,470 mm,333 mm,512 mm,ATX,ATX,black,TRUE,FALSE,TRUE,FALSE
"Thermaltake Core P3 TG Snow Edition, Tempered Glass - white",$119.68,Thermaltake,470 mm,333 mm,512 mm,ATX,ATX,white,TRUE,FALSE,TRUE,FALSE
Cooler Master MasterBox MB530P Midi-Tower - black,$122.57,Cooler Master,229 mm,469 mm,489 mm,ATX,ATX,black,TRUE,TRUE,TRUE,FALSE
"Lian Li PC-O11DW Dynamic Midi-Tower, Tempered Glass - white",$123.31,Lian Li,272 mm,445 mm,446 mm,E-ATX,ATX,black-and-white,TRUE,TRUE,TRUE,FALSE
Antec P110 Silent Midi-Tower - black,$123.51,Antec,230 mm,518 mm,489 mm,ATX,ATX,black,FALSE,TRUE,TRUE,TRUE
"Lian Li PC-O11DX Dynamic Midi-Tower, Tempered Glass - black",$126.93,Lian Li,272 mm,445 mm,446 mm,E-ATX,ATX,black,TRUE,TRUE,TRUE,FALSE
IN WIN 305 Midi-Tower - white,$128.96,IN WIN,248 mm,485 mm,500 mm,ATX,ATX,white,TRUE,TRUE,TRUE,FALSE
Crystal Series 460X RGB Compact ATX Mid-Tower,$130.56,Corsair,220 mm,464 mm,440 mm,ATX,ATX,black,FALSE,FALSE,FALSE,FALSE
Crystal Series 570X RGB ATX Mid-Tower,$130.56,Corsair,234 mm,512 mm,480 mm,ATX,ATX,black,FALSE,FALSE,FALSE,FALSE
"Antec P120 Crystal Midi-Tower - Tempered Glass, black",$130.56,Antec,234 mm,476 mm,485 mm,E-ATX,ATX,black,TRUE,TRUE,TRUE,FALSE
"Lian Li PC-O11 Air RGB Midi-Tower, Tempered Glass - black",$131.29,Lian Li,270 mm,476 mm,465 mm,E-ATX,ATX,black,TRUE,TRUE,TRUE,FALSE
InWin 303 Midi-Tower - white,$133.45,IN WIN,215 mm,480 mm,500 mm,E-ATX,ATX,white,TRUE,TRUE,TRUE,FALSE
Corsair iCUE 4000X RGB Tempered Glass Midi-Tower - white Window,$134.19,Corsair,230 mm,453 mm,466 mm,E-ATX,ATX,white,TRUE,TRUE,TRUE,FALSE
"Corsair Obsidian 500D Premium Midi-Tower, Tempered Glass - black Window",$137.81,Corsair,233 mm,502 mm,508 mm,ATX,ATX,black,TRUE,TRUE,TRUE,FALSE
"Cooler Master MasterBox 540 Midi-Tower, ARGB, Tempered Glass - black",$138.1,Cooler Master,209 mm,499 mm,498 mm,E-ATX,ATX,black,TRUE,FALSE,TRUE,FALSE
"Lian Li PC-O11 Air Midi-Tower, Tempered Glass - black",$139.75,Lian Li,270 mm,476 mm,465 mm,E-ATX,ATX,black,TRUE,TRUE,TRUE,FALSE
"NZXT H700 Midi-Tower, TG - black Window",$140.1,NZXT,230 mm,494 mm,516 mm,ATX,ATX,black,TRUE,TRUE,TRUE,FALSE
"Corsair 5000D Airflow Midi-Tower, Tempered Glass - white",$141.43,Corsair,245 mm,520 mm,520 mm,E-ATX,ATX,white,TRUE,TRUE,TRUE,FALSE
"Corsair 5000D Airflow Midi-Tower, Tempered Glass - black",$141.44,Corsair,245 mm,520 mm,520 mm,E-ATX,ATX,black,TRUE,TRUE,TRUE,FALSE
Corsair Crystal 465X RGB Midi-Tower - black Window,$142.63,Corsair,216 mm,467 mm,455 mm,ATX,ATX,black,TRUE,TRUE,TRUE,FALSE
Thermaltake View 32 TG RGB Midi-Tower - black,$145.42,Thermaltake,227 mm,524 mm,480 mm,ATX,ATX,black,TRUE,TRUE,TRUE,FALSE
"Montech SKY TWO, Midi-Tower - white",$146.38,Montech,215 mm,430 mm,490 mm,ATX,ATX,white,FALSE,TRUE,FALSE,FALSE
Lian Li LANCOOL ONE Midi-Tower - black,$147.12,Lian Li,220 mm,450 mm,472 mm,E-ATX,ATX,black,TRUE,TRUE,TRUE,FALSE
"NZXT H500i Midi-Tower, RGB, TG - black/blue Window",$149.78,NZXT,210 mm,428 mm,460 mm,ATX,ATX,black,TRUE,TRUE,TRUE,FALSE
"Corsair 5000D Midi-Tower, Tempered Glass - black",$152.32,Corsair,245 mm,520 mm,520 mm,E-ATX,ATX,black,TRUE,TRUE,TRUE,FALSE
"Corsair 5000D Midi-Tower, Tempered Glass - white",$152.32,Corsair,245 mm,520 mm,520 mm,E-ATX,ATX,white,TRUE,TRUE,TRUE,FALSE
"Lian Li LANCOOL II Mesh C RGB Midi-Tower, Tempered Glass - black",$153.17,Lian Li,229 mm,478 mm,494 mm,E-ATX,ATX,black,TRUE,TRUE,FALSE,FALSE
Thermaltake Core P5 - black Window,$154.06,Thermaltake,570 mm,333 mm,608 mm,ATX,ATX,black,TRUE,FALSE,TRUE,FALSE
"NZXT H700 Midi-Tower, TG - black/white Window",$156.78,NZXT,230 mm,494 mm,516 mm,ATX,ATX,black,TRUE,TRUE,TRUE,FALSE
"Lian Li O11 Dynamic EVO, Tempered Glass - black",$159.58,Lian Li,285 mm,465 mm,459 mm,E-ATX,ATX,black,TRUE,TRUE,TRUE,FALSE
Corsair Crystal 465X RGB Midi-Tower - white Window,$162.47,Corsair,216 mm,467 mm,455 mm,ATX,ATX,grey black,TRUE,TRUE,TRUE,FALSE
Thermaltake Core P5 - Green Edition Window,$162.48,Thermaltake,570 mm,333 mm,608 mm,ATX,ATX,green,TRUE,TRUE,TRUE,FALSE
Crystal Series 570X RGB ATX Mid-Tower — Red,$165.75,Corsair,234 mm,512 mm,480 mm,ATX,ATX,red,FALSE,FALSE,FALSE,FALSE
NZXT H700 Midi-Tower - black/red Window,$166.83,NZXT,230 mm,494 mm,516 mm,ATX,ATX,black,TRUE,TRUE,TRUE,FALSE
"Lian Li PC-O11D Razer Edition Midi-Tower, Tempered Glass",$166.83,Lian Li,272 mm,445 mm,446 mm,E-ATX,ATX,black,TRUE,TRUE,TRUE,FALSE
Carbide Series SPEC-ALPHA Mid-Tower Gaming — White/Red,$169.09,Corsair,220 mm,474 mm,518 mm,ATX,ATX,white/red,FALSE,FALSE,FALSE,FALSE
NZXT H700 Midi-Tower - black/blue Window,$169.25,NZXT,230 mm,494 mm,516 mm,ATX,ATX,black,TRUE,TRUE,TRUE,FALSE
"Antec GX200 Blue Midi-Tower, Window - black",$17.39,Antec,185 mm,450 mm,412 mm,ATX,ATX,black,TRUE,TRUE,FALSE,FALSE
"Corsair iCUE 5000X RGB Midi-Tower, Tempered Glass - black",$170.46,Corsair,245 mm,520 mm,520 mm,E-ATX,ATX,black,TRUE,TRUE,TRUE,FALSE
"NZXT H500 Overwatch Special Edition Midi-Tower, TG - black/orange Window",$173.42,NZXT,210 mm,428 mm,460 mm,ATX,ATX,black,TRUE,TRUE,TRUE,FALSE
NZXT H700i Midi-Tower - black/red Window,$174.08,NZXT,230 mm,494 mm,516 mm,ATX,ATX,black,TRUE,TRUE,TRUE,FALSE
"Thermaltake Core P5 Ti, Tempered Glass - Space Grey",$175.53,Thermaltake,570 mm,333 mm,608 mm,ATX,ATX,gray,TRUE,FALSE,TRUE,FALSE
"Lian Li O11 Dynamic EVO, Tempered Glass - white",$177.71,Lian Li,285 mm,465 mm,459 mm,E-ATX,ATX,"grey, black, white",TRUE,TRUE,TRUE,FALSE
"NZXT H700i Midi-Tower, RGB, TG - black Window",$180.68,NZXT,230 mm,494 mm,516 mm,ATX,ATX,black,TRUE,TRUE,TRUE,FALSE
Lian Li O11Dynamic XL (ROG Certified) Midi-Tower - white,$181.34,Lian Li,285 mm,471 mm,513 mm,E-ATX,ATX,white,TRUE,TRUE,TRUE,FALSE
"Thermaltake Core X5 ATX-Cube, Tempered Glass - white",$181.34,Thermaltake,371 mm,540 mm,463 mm,E-ATX,ATX,white,TRUE,TRUE,TRUE,FALSE
Thermaltake Core P90 TG Tempered Glass Showcase - black,$182.9,Thermaltake,470 mm,470 mm,615 mm,ATX,ATX,black,TRUE,FALSE,TRUE,FALSE
"Raijintek Asterion Classic Midi-Tower, Tempered Glass - black",$189.47,RAIJINTEK,230 mm,464 mm,525 mm,E-ATX,ATX,black,TRUE,TRUE,TRUE,FALSE
"Thermaltake Core X5 ATX-Cube, Tempered Glass - black",$194.76,Thermaltake,371 mm,540 mm,463 mm,E-ATX,ATX,black,TRUE,TRUE,TRUE,FALSE
Lian Li O11Dynamic XL (ROG Certified) Midi-Tower - black,$195.84,Lian Li,285 mm,471 mm,513 mm,E-ATX,ATX,black,TRUE,TRUE,TRUE,FALSE
"Cooler Master MasterCase SL600M Midi-Tower, Tempered Glass - silver",$199.25,Cooler Master,242 mm,544 mm,573 mm,E-ATX,ATX,black silver,TRUE,FALSE,TRUE,FALSE
Crystal Series 570X RGB ATX Mid-Tower — White,$201.76,Corsair,234 mm,512 mm,480 mm,ATX,ATX,white,FALSE,FALSE,FALSE,FALSE
"NZXT H700i Midi-Tower, RGB, TG - black/white Window",$204.79,NZXT,230 mm,494 mm,516 mm,ATX,ATX,black,TRUE,TRUE,TRUE,FALSE
NZXT H700 PUBG Midi-Tower - Window,$207.04,NZXT,230 mm,494 mm,516 mm,ATX,ATX,"blue, red, black",TRUE,TRUE,TRUE,FALSE
"InWin 309 Midi-Tower, RGB, Tempered Glass - black",$217.61,IN WIN,238 mm,553 mm,500 mm,ATX,ATX,black,TRUE,TRUE,TRUE,FALSE
"PHANTEKS Enthoo 719 Big-Tower, Tempered Glass, DRGB - anthrazit",$217.61,PHANTEKS,240 mm,570 mm,595 mm,E-ATX,ATX,anthracite,TRUE,TRUE,TRUE,FALSE
"Corsair iCUE 5000X RGB Midi-Tower, Tempered Glass - white",$221.23,Corsair,245 mm,520 mm,520 mm,E-ATX,ATX,white,TRUE,TRUE,TRUE,FALSE
"PHANTEKS Enthoo 719 Big-Tower, Tempered Glass, DRGB - black",$224.85,PHANTEKS,240 mm,570 mm,595 mm,E-ATX,ATX,black,TRUE,TRUE,TRUE,FALSE
Corsair Obsidian 500D RGB Special Ed Midi-Tower - black Window,$228.49,Corsair,237 mm,500 mm,507 mm,ATX,ATX,black,TRUE,TRUE,TRUE,FALSE
"Cooler Master MasterCase H500M Midi-Tower, Tempered Glass - black",$239.37,Cooler Master,248 mm,546 mm,544 mm,E-ATX,ATX,black,TRUE,TRUE,TRUE,FALSE
NZXT H700i Ninja SE Midi-Tower - Tempered Glass,$243.12,NZXT,230 mm,494 mm,516 mm,ATX,ATX,blue,TRUE,TRUE,TRUE,FALSE
"Thermaltake Core P5, Tempered Glass - black",$257.66,Thermaltake,570 mm,333 mm,608 mm,ATX,ATX,black,TRUE,FALSE,TRUE,FALSE
"Thermaltake Core P5, Tempered Glass - Snow Edition",$268.38,Thermaltake,570 mm,333 mm,608 mm,ATX,ATX,white,TRUE,FALSE,TRUE,FALSE
"Thermaltake A500 TG Aluminum Midi-Tower, Tempered Glass - space grey",$268.38,Thermaltake,236 mm,510 mm,560 mm,ATX,ATX,"grey, silver",TRUE,TRUE,TRUE,FALSE
Antec TORQUE Midi-Tower - white,$275.64,Antec,285 mm,621 mm,644 mm,ATX,ATX,white,TRUE,FALSE,TRUE,FALSE
"Thermaltake View 71 TG RGB Plus Big-Tower, Tempered Glass - black",$290.46,Thermaltake,274 mm,577 mm,592 mm,E-ATX,ATX,black,TRUE,TRUE,TRUE,FALSE
"Thermaltake Core P7, Tempered Glass - black",$302.47,Thermaltake,570 mm,333 mm,608 mm,E-ATX,ATX,black,TRUE,FALSE,TRUE,FALSE
Antec P110 Luce Midi-Tower - black,$31.18,Antec,230 mm,518 mm,489 mm,ATX,ATX,black,TRUE,TRUE,TRUE,FALSE
"Corsair iCUE 5000T Midi-Tower, RGB, Tempered Glass - black",$311.9,Corsair,251 mm,530 mm,560 mm,E-ATX,ATX,black,TRUE,TRUE,TRUE,FALSE
"Corsair iCUE 5000T Midi-Tower, RGB, Tempered Glass - white",$311.9,Corsair,251 mm,530 mm,560 mm,E-ATX,ATX,"grey, black, white",TRUE,TRUE,TRUE,FALSE
Raijintek Arcadia Midi-Tower - white,$33.41,RAIJINTEK,200 mm,455 mm,430 mm,ATX,ATX,white,FALSE,TRUE,TRUE,FALSE
Corsair Carbide SPEC-04 Midi-Tower - black/red,$36.26,Corsair,201 mm,492 mm,433 mm,ATX,ATX,black,TRUE,TRUE,TRUE,FALSE
Antec TORQUE Midi-Tower - black/red,$413.45,Antec,285 mm,621 mm,644 mm,ATX,ATX,red black,TRUE,FALSE,FALSE,FALSE
Thermaltake Versa H22 Midi-Tower - black,$43.52,Thermaltake,209 mm,480 mm,429 mm,ATX,ATX,black,FALSE,TRUE,TRUE,FALSE
Thermaltake Versa H21 Midi-Tower - black,$47.14,Thermaltake,209 mm,480 mm,429 mm,ATX,ATX,black,FALSE,TRUE,TRUE,FALSE
Corsair Carbide SPEC-04 Midi-Tower - black/grey,$47.14,Corsair,201 mm,492 mm,433 mm,ATX,ATX,black,TRUE,TRUE,TRUE,FALSE
Fractal Design Focus G Midi-Tower - blue Window,$47.87,Fractal Design,205 mm,464 mm,444 mm,ATX,ATX,blue,TRUE,TRUE,TRUE,FALSE
BitFenix Neos Midi-Tower - white/violett Window,$48.02,BitFenix,185 mm,470 mm,429 mm,ATX,ATX,"purple, white",TRUE,TRUE,TRUE,FALSE
Carbide Series 100R Mid-Tower,$49.32,Corsair,200 mm,430 mm,471 mm,ATX,ATX,,FALSE,FALSE,FALSE,FALSE
Carbide Series 270R ATX Mid-Tower,$50.77,Corsair,210 mm,460 mm,509 mm,ATX,ATX,,FALSE,FALSE,FALSE,FALSE
Corsair Carbide SPEC-04 Midi-Tower - black/yellow,$50.77,Corsair,201 mm,492 mm,433 mm,ATX,ATX,black,TRUE,TRUE,TRUE,FALSE
Corsair Carbide SPEC-05 Midi-Tower - black/red,$50.77,Corsair,199 mm,483 mm,433 mm,ATX,ATX,black,TRUE,TRUE,TRUE,FALSE
Fractal Design Focus G Midi-Tower - white Window,$51.49,Fractal Design,205 mm,464 mm,444 mm,ATX,ATX,white,TRUE,TRUE,TRUE,FALSE
Fractal Design Focus G Midi-Tower - black Window,$52.22,Fractal Design,205 mm,464 mm,444 mm,ATX,ATX,black,TRUE,TRUE,FALSE,FALSE
Fractal Design Focus G Midi-Tower - grey Window,$54.4,Fractal Design,205 mm,464 mm,444 mm,ATX,ATX,gray,TRUE,TRUE,TRUE,FALSE
"PHANTEKS Eclipse P350X Midi-Tower, Tempered Glass - DRGB, black/white",$54.4,PHANTEKS,200 mm,455 mm,450 mm,E-ATX,ATX,black,TRUE,TRUE,TRUE,FALSE
"Corsair Carbide SPEC-04 Midi-Tower, Tempered Glass - black/red",$55.05,Corsair,201 mm,492 mm,433 mm,ATX,ATX,red black,TRUE,TRUE,TRUE,FALSE
Thermaltake Versa J21 TG Midi-Tower - black,$56.27,Thermaltake,205 mm,447 mm,465 mm,ATX,ATX,black,TRUE,TRUE,TRUE,FALSE
"PHANTEKS Eclipse P300 Midi-Tower, Tempered Glass - white",$56.99,PHANTEKS,200 mm,400 mm,450 mm,E-ATX,ATX,white,TRUE,TRUE,TRUE,FALSE
Carbide Series 100R Silent Edition Mid-Tower,$58.02,Corsair,200 mm,430 mm,471 mm,ATX,ATX,,FALSE,FALSE,FALSE,TRUE
Carbide Series 270R Windowed ATX Mid-Tower,$58.02,Corsair,210 mm,460 mm,509 mm,ATX,ATX,,FALSE,FALSE,FALSE,FALSE
"PHANTEKS Eclipse P400 Midi-Tower, Tempered Glass - black",$58.02,PHANTEKS,210 mm,470 mm,465 mm,E-ATX,ATX,black,TRUE,FALSE,TRUE,FALSE
"Antec Performance Series P8 Midi-Tower, Tempered Glass - black",$58.07,Antec,210 mm,470 mm,443 mm,ATX,ATX,black,TRUE,TRUE,TRUE,FALSE
"Corsair Obsidian 1000D Big-Tower, Tempered Glass - black",$597.93,Corsair,307 mm,693 mm,697 mm,E-ATX,ATX,black,TRUE,TRUE,TRUE,FALSE
Carbide Series SPEC-ALPHA Mid-Tower Gaming — Black/Yellow,$61.65,Corsair,220 mm,474 mm,518 mm,ATX,ATX,black/yellow,FALSE,FALSE,FALSE,FALSE
"NZXT H510 Midi-Tower, TG - black Window",$61.65,NZXT,210 mm,428 mm,460 mm,ATX,ATX,black,TRUE,TRUE,TRUE,FALSE
"NZXT H510 Midi-Tower, TG - black/red Window",$61.65,NZXT,210 mm,428 mm,460 mm,ATX,ATX,red black,TRUE,TRUE,TRUE,FALSE
"NZXT H510 Midi-Tower, TG - white Window",$61.65,NZXT,210 mm,428 mm,460 mm,ATX,ATX,white,TRUE,TRUE,TRUE,FALSE
Raijintek Agos Midi-Tower - white,$62.51,RAIJINTEK,200 mm,460 mm,490 mm,ATX,ATX,white,FALSE,TRUE,TRUE,FALSE
Corsair Carbide SPEC-02 Midi-Tower - black/red,$63.86,Corsair,220 mm,500 mm,430 mm,ATX,ATX,black,TRUE,TRUE,TRUE,FALSE
Fractal Design Focus G Midi-Tower - red Window,$64.54,Fractal Design,205 mm,464 mm,444 mm,ATX,ATX,red,TRUE,TRUE,TRUE,FALSE
Carbide Series SPEC-01 Red LED Mid-Tower Gaming,$64.63,Corsair,200 mm,428 mm,447 mm,ATX,ATX,black,FALSE,FALSE,FALSE,FALSE
"BitFenix Nova TG Midi-Tower, Tempered Glass - white",$66.73,BitFenix,201 mm,465 mm,437 mm,ATX,ATX,black-and-white,TRUE,TRUE,TRUE,FALSE
"Antec New Gaming NX210 Midi-Tower, RGB, Tempered Glass - black",$67.08,Antec,220 mm,395 mm,455 mm,ATX,ATX,black,TRUE,FALSE,TRUE,FALSE
"PHANTEKS Eclipse P300 Midi-Tower, Tempered Glass - black/red",$68.17,PHANTEKS,200 mm,400 mm,450 mm,E-ATX,ATX,black,TRUE,TRUE,TRUE,FALSE
Antec Dark Fleet DF500 Midi-Tower - black Window,$68.72,Antec,200 mm,470 mm,480 mm,ATX,ATX,red black,TRUE,TRUE,TRUE,FALSE
"BitFenix Nova TG Midi-Tower, Tempered Glass - black",$70.45,BitFenix,201 mm,465 mm,437 mm,ATX,ATX,black,TRUE,TRUE,TRUE,FALSE
Thermaltake Versa C21 RGB Midi-Tower - black Window,$70.92,Thermaltake,216 mm,469 mm,521 mm,ATX,ATX,black,TRUE,TRUE,FALSE,FALSE
"PHANTEKS Eclipse P300 Midi-Tower, Tempered Glass - black/white",$71.8,PHANTEKS,200 mm,400 mm,450 mm,E-ATX,ATX,black,TRUE,TRUE,TRUE,FALSE
"PHANTEKS Eclipse P400 Midi-Tower, Tempered Glass - white",$71.8,PHANTEKS,210 mm,470 mm,465 mm,E-ATX,ATX,white,TRUE,TRUE,TRUE,FALSE
"NZXT H510i Midi-Tower, RGB, TG - white Window",$72.53,NZXT,210 mm,428 mm,460 mm,ATX,ATX,white,TRUE,TRUE,TRUE,FALSE
Corsair Carbide 275R Airflow Midi-Tower - black Window,$72.53,Corsair,216 mm,455 mm,457 mm,ATX,ATX,black,TRUE,TRUE,TRUE,FALSE
Thermaltake Core V31 Window Midi-Tower - black,$72.53,Thermaltake,208 mm,506 mm,470 mm,ATX,ATX,black,TRUE,TRUE,TRUE,FALSE
Cooler Master MasterBox Pro 5 RGB Midi-Tower - black Window,$72.53,Cooler Master,223 mm,500 mm,475 mm,E-ATX,ATX,black,TRUE,TRUE,TRUE,FALSE
Zalman R1 Midi-Tower - black,$73.2,Zalman,192 mm,450 mm,465 mm,ATX,ATX,black,TRUE,TRUE,TRUE,FALSE
Antec P7 Silent Midi-Tower - black,$73.27,Antec,210 mm,445 mm,470 mm,ATX,ATX,black,FALSE,TRUE,TRUE,TRUE
Thermaltake Versa C22 RGB Midi-Tower - black Window,$74.37,Thermaltake,198 mm,480 mm,538 mm,ATX,ATX,black,TRUE,TRUE,TRUE,FALSE
NZXT H500 Midi-Tower - black/red Window,$75.76,NZXT,210 mm,428 mm,460 mm,ATX,ATX,black,TRUE,TRUE,TRUE,FALSE
Thermaltake Commander MS-I Snow Edition Midi-Tower - white/black,$76.04,Thermaltake,202 mm,484 mm,426 mm,ATX,ATX,black-and-white,FALSE,TRUE,TRUE,FALSE
"Thermaltake Level 20 MT ARGB Midi-Tower, Tempered Glass - black",$76.16,Thermaltake,204 mm,471 mm,455 mm,ATX,ATX,black,TRUE,TRUE,TRUE,FALSE
Corsair Carbide 110Q Midi-Tower - black,$76.16,Corsair,210 mm,418 mm,480 mm,ATX,ATX,black,FALSE,TRUE,TRUE,TRUE
Carbide Series SPEC-OMEGA Tempered Glass Mid-Tower ATX Gaming - Black/White,$76.16,Corsair,232 mm,516 mm,495 mm,ATX,ATX,black/white,FALSE,FALSE,FALSE,FALSE
"PHANTEKS Eclipse P400S Midi-Tower, Tempered Glass, black/white - isolated",$76.16,PHANTEKS,210 mm,470 mm,465 mm,E-ATX,ATX,black,TRUE,TRUE,TRUE,TRUE
Thermaltake View 22 TG Tempered Glass Midi-Tower - black,$76.74,Thermaltake,223 mm,467 mm,491 mm,ATX,ATX,black,TRUE,TRUE,TRUE,FALSE
"PHANTEKS Eclipse P300 Midi-Tower, Tempered Glass - black",$77.02,PHANTEKS,200 mm,400 mm,450 mm,E-ATX,ATX,black,TRUE,TRUE,TRUE,FALSE
Antec Dark Fleet DF500 RGB Midi-Tower - black Tempered Glass,$77.88,Antec,200 mm,470 mm,480 mm,ATX,ATX,black,TRUE,TRUE,TRUE,FALSE
Cooler Master MasterBox Midi-Tower MB600L w/ODD - red,$78.2,Cooler Master,212 mm,464 mm,454 mm,ATX,ATX,black,TRUE,TRUE,TRUE,FALSE
Carbide Series SPEC-OMEGA Tempered Glass Mid-Tower ATX Gaming - Black/Red,$79.78,Corsair,232 mm,516 mm,495 mm,ATX,ATX,black/red,FALSE,FALSE,FALSE,FALSE
"PHANTEKS Eclipse P400A Midi-Tower, Tempered Glass, DRGB - white",$79.78,PHANTEKS,210 mm,470 mm,465 mm,E-ATX,ATX,white,TRUE,TRUE,TRUE,FALSE
RAIJINTEK Agos Midi-Tower - black,$79.81,RAIJINTEK,200 mm,460 mm,490 mm,ATX,ATX,black,FALSE,TRUE,TRUE,FALSE
"BitFenix Nova Mesh TG Midi-Tower, Tempered Glass - black",$81.44,BitFenix,201 mm,465 mm,437 mm,E-ATX,ATX,black,TRUE,TRUE,TRUE,FALSE
NZXT SOURCE 340 Midi-Tower - black/red Window,$82.02,NZXT,200 mm,432 mm,445 mm,ATX,ATX,black,TRUE,TRUE,FALSE,FALSE
Fractal Design Meshify C Tempered Glass Dark Midi-Tower - black,$83.41,Fractal Design,217 mm,395 mm,440 mm,ATX,ATX,black,TRUE,TRUE,TRUE,FALSE
"PHANTEKS Eclipse P400 Midi-Tower, Tempered Glass - anthrazit",$83.41,PHANTEKS,210 mm,470 mm,465 mm,E-ATX,ATX,anthracite,TRUE,TRUE,TRUE,FALSE
"Antec New Gaming NX400 Midi-Tower, RGB, Tempered Glass - black",$83.77,Antec,230 mm,425 mm,465 mm,ATX,ATX,black,TRUE,FALSE,TRUE,FALSE
"Cooler Master MasterBox K500 Midi-Tower, Tempered Glass - black",$84.51,Cooler Master,210 mm,491 mm,455 mm,ATX,ATX,black,TRUE,TRUE,TRUE,FALSE
Thermaltake Versa N23 Midi-Tower - black Window,$85.17,Thermaltake,194 mm,503 mm,455 mm,ATX,ATX,black,TRUE,FALSE,TRUE,FALSE
"PHANTEKS Eclipse P350X Midi-Tower, Tempered Glass - DRGB, black",$85.98,PHANTEKS,200 mm,455 mm,450 mm,E-ATX,ATX,black,TRUE,TRUE,TRUE,FALSE
"PHANTEKS Eclipse P400 Midi-Tower, Tempered Glass - black/white",$86.05,PHANTEKS,210 mm,470 mm,465 mm,E-ATX,ATX,black,TRUE,TRUE,TRUE,FALSE
"NZXT H510i Midi-Tower, RGB, TG - black/red Window",$86.31,NZXT,210 mm,428 mm,460 mm,ATX,ATX,red black,TRUE,TRUE,TRUE,FALSE
"PHANTEKS Eclipse P300 Air Midi-Tower, Tempered Glass - Satin black",$86.88,PHANTEKS,200 mm,400 mm,455 mm,ATX,ATX,black,TRUE,TRUE,TRUE,FALSE
Corsair 4000D Airflow Tempered Glass Midi-Tower - white Window,$87.03,Corsair,230 mm,453 mm,466 mm,E-ATX,ATX,white,TRUE,TRUE,TRUE,FALSE
"NZXT H510i Midi-Tower, RGB, TG - black Window",$87.04,NZXT,210 mm,428 mm,460 mm,ATX,ATX,black,TRUE,TRUE,TRUE,FALSE
"Corsair Carbide SPEC-06, Tempered Glass Midi-Tower - black",$87.04,Corsair,215 mm,455 mm,474 mm,ATX,ATX,black,TRUE,TRUE,TRUE,FALSE
"Corsair Carbide SPEC-06, Tempered Glass Midi-Tower - white",$87.04,Corsair,215 mm,455 mm,474 mm,ATX,ATX,white,TRUE,TRUE,TRUE,FALSE
Fractal Design Meshify C Midi-Tower - black,$87.04,Fractal Design,217 mm,395 mm,440 mm,ATX,ATX,black,FALSE,TRUE,TRUE,FALSE
"PHANTEKS Eclipse P400S Midi-Tower, anthrazit - isolated",$87.04,PHANTEKS,210 mm,470 mm,495 mm,E-ATX,ATX,"anthracite, gray",FALSE,TRUE,TRUE,TRUE
"PHANTEKS Eclipse P400S Midi-Tower, black - isolated",$87.04,PHANTEKS,210 mm,470 mm,495 mm,E-ATX,ATX,black,FALSE,TRUE,TRUE,TRUE
Corsair 4000D Tempered Glass Midi-Tower - black Window,$87.04,Corsair,230 mm,453 mm,466 mm,E-ATX,ATX,black,TRUE,TRUE,TRUE,FALSE
Corsair 4000D Tempered Glass Midi-Tower - white Window,$87.04,Corsair,230 mm,453 mm,466 mm,E-ATX,ATX,white,TRUE,TRUE,TRUE,FALSE
NZXT H500 Midi-Tower - white Window,$88.85,NZXT,210 mm,428 mm,460 mm,ATX,ATX,white,TRUE,TRUE,TRUE,FALSE
Thermaltake Versa H34 Midi-Tower - black Window,$91.41,Thermaltake,209 mm,478 mm,429 mm,ATX,ATX,black,TRUE,TRUE,TRUE,FALSE
"PHANTEKS Eclipse P400S Midi-Tower, Tempered Glass, white - isolated",$91.59,PHANTEKS,210 mm,470 mm,465 mm,E-ATX,ATX,white,TRUE,TRUE,TRUE,TRUE
"PHANTEKS Eclipse P400S Midi-Tower, Tempered Glass, black/red - isolated",$91.61,PHANTEKS,210 mm,470 mm,465 mm,E-ATX,ATX,black,TRUE,TRUE,TRUE,TRUE
NZXT H500 Midi-Tower - black Window,$92.2,NZXT,210 mm,428 mm,460 mm,ATX,ATX,black,TRUE,TRUE,TRUE,FALSE
"Thermaltake Versa C23 TG RGB Midi-Tower, Tempered Glass - black",$93.22,Thermaltake,200 mm,508 mm,510 mm,ATX,ATX,black,TRUE,TRUE,TRUE,FALSE
"Cooler Master MasterBox MB500, TG, black",$93.3,Cooler Master,211 mm,475 mm,494 mm,ATX,ATX,black,TRUE,TRUE,TRUE,FALSE
Fractal Design Define C Midi-Tower - black,$93.56,Fractal Design,210 mm,399 mm,440 mm,ATX,ATX,black,FALSE,TRUE,TRUE,TRUE
"Corsair Carbide SPEC-06 RGB, Tempered Glass Midi-Tower - black",$94.29,Corsair,215 mm,455 mm,474 mm,ATX,ATX,black,TRUE,TRUE,TRUE,FALSE
"Corsair Carbide SPEC-06 RGB, Tempered Glass Midi-Tower - white",$94.29,Corsair,215 mm,455 mm,474 mm,ATX,ATX,white,TRUE,TRUE,TRUE,FALSE
Thermaltake View 21 Tempered Glass Edition Midi-Tower - black,$94.29,Thermaltake,208 mm,492 mm,471 mm,ATX,ATX,black,TRUE,TRUE,TRUE,FALSE
Carbide Series SPEC-OMEGA Tempered Glass Mid-Tower ATX Gaming - Black,$94.29,Corsair,232 mm,516 mm,495 mm,ATX,ATX,black,FALSE,FALSE,FALSE,FALSE
"Fractal Design Define C TG Midi-Tower, black, Tempered Glass",$94.29,Fractal Design,217 mm,413 mm,453 mm,ATX,ATX,black,TRUE,TRUE,TRUE,FALSE
"PHANTEKS Eclipse P400A Midi-Tower, Tempered Glass - black",$94.29,PHANTEKS,210 mm,470 mm,465 mm,E-ATX,ATX,black,TRUE,TRUE,TRUE,FALSE
Lian Li LANCOOL ONE Digital Midi-Tower - black,$94.29,Lian Li,220 mm,450 mm,472 mm,E-ATX,ATX,black,TRUE,TRUE,TRUE,FALSE
PHANTEKS Enthoo Pro Midi-Tower - black,$94.29,PHANTEKS,235 mm,550 mm,535 mm,E-ATX,ATX,black,FALSE,TRUE,TRUE,FALSE
Antec DA601 Midi-Tower - black,$95.74,Antec,220 mm,480 mm,500 mm,E-ATX,ATX,black,TRUE,TRUE,TRUE,FALSE
"Lian Li LANCOOL II Mesh C RGB Snow Edition Midi-Tower, Tempered Glass - white",$95.74,Lian Li,229 mm,478 mm,494 mm,E-ATX,ATX,black-and-white,TRUE,TRUE,FALSE,FALSE
"Montech SKY ONE Lite, Midi-Tower, Tempered Glass - white",$97.58,Montech,220 mm,416 mm,490 mm,ATX,ATX,white,FALSE,TRUE,FALSE,FALSE
"Silverstone SST-RL06BR-GP Redline Midi-Tower, TG - black/red",$97.77,Silverstone,200 mm,455 mm,477 mm,ATX,ATX,"pink, black",TRUE,TRUE,TRUE,FALSE
"Montech SKY TWO, Midi-Tower - black",$97.92,Montech,215 mm,430 mm,490 mm,ATX,ATX,black,FALSE,TRUE,FALSE,FALSE
Fractal Design Meshify C White Tempered Glass Midi-Tower - white,$97.92,Fractal Design,217 mm,395 mm,440 mm,ATX,ATX,white,TRUE,TRUE,TRUE,FALSE
Carbide Series SPEC-ALPHA Mid-Tower Gaming — Black/Red,$98.08,Corsair,220 mm,474 mm,518 mm,ATX,ATX,black/red,FALSE,FALSE,FALSE,FALSE
NZXT H500i Midi-Tower - black Window,$98.23,NZXT,210 mm,428 mm,460 mm,ATX,ATX,black,TRUE,TRUE,TRUE,FALSE
NZXT H500i Midi-Tower - white Window,$98.51,NZXT,210 mm,428 mm,460 mm,ATX,ATX,white,TRUE,TRUE,TRUE,FALSE
"PHANTEKS Eclipse P400S Midi-Tower, white - isolated",$98.53,PHANTEKS,210 mm,470 mm,495 mm,E-ATX,ATX,white,FALSE,TRUE,TRUE,TRUE
